{
  "captureResolution" : -1,
  "userOBB" : {
    "points" : [
      [
        -1.2603,
        -0.63225,
        -0.54197764
      ],
      [
        1.2603,
        -0.63225,
        -0.5419777
      ],
      [
        1.2603,
        -0.63225,
        0.54197764
      ],
      [
        -1.2603,
        -0.63225,
        0.5419777
      ],
      [
        -1.2603,
        0.63225,
        -0.54197764
      ],
      [
        1.2603,
        0.63225,
        -0.5419777
      ],
      [
        1.2603,
        0.63225,
        0.54197764
      ],
      [
        -1.2603,
        0.63225,
        0.5419777
      ]
    ]
  },
  "appBuildString" : "1",
  "numFaces" : 75161,
  "osVersion" : "18.5",
  "lastCameraPose" : {
    "m23" : -0.45884857,
    "m43" : 3.2031717,
    "m42" : 2.8619,
    "m41" : 2.7315106,
    "m44" : 1,
    "m22" : 0.8036245,
    "m34" : 0,
    "m12" : 4.904733e-07,
    "m14" : 0,
    "m13" : -0.63683784,
    "m24" : 0,
    "m32" : 0.5951356,
    "m21" : -0.37900499,
    "m11" : 0.77100027,
    "m33" : 0.61959314,
    "m31" : 0.5117775
  },
  "captureMode" : 1,
  "transformToWorldMap" : {
    "m23" : 0,
    "m43" : 0.39911258,
    "m42" : 0.54225,
    "m41" : 0.7385027,
    "m44" : 1,
    "m22" : 1,
    "m34" : 0,
    "m12" : 0,
    "m14" : 0,
    "m13" : -0.70710677,
    "m24" : 0,
    "m32" : 0,
    "m21" : 0,
    "m11" : 0.7071068,
    "m33" : 0.70710677,
    "m31" : 0.7071069
  },
  "isFavorite" : 0,
  "appVersionString" : "2.1.3",
  "title" : "Untitled Scan",
  "device" : "iPhone15,2",
  "projectVersion" : 1,
  "modifiedStatusRefinedModel" : 1,
  "numVertices" : 42022,
  "editStatusTexturedModel" : 1,
  "numFaces_orig" : 12444,
  "numVertices_orig" : 37332,
  "numImages" : 87
}